<?xml version="1.0" encoding="UTF-8"?>
<secureMondrianConnection exportedWithPermissions="true">
    <folder>/organizations/organization_1/performance/connections</folder>
    <name>Profile</name>
    <version>0</version>
    <label>Profile Mondrian Connection</label>
    <description>Profile Performance Connection</description>
    <creationDate>2014-08-29T13:17:38.000-07:00</creationDate>
    <updateDate>2014-08-29T13:17:38.000-07:00</updateDate>
    <schema>
        <uri>/organizations/organization_1/performance/schemas/ProfileSchemaUpper</uri>
    </schema>
    <dataSource>
        <uri>/organizations/organization_1/performance/datasources/ProfileDataSourceJNDI</uri>
    </dataSource>
</secureMondrianConnection>
