<?xml version="1.0" encoding="UTF-8"?>
<jdbcDataSource exportedWithPermissions="true">
    <folder>/organizations/organization_1/analysis/datasources</folder>
    <name>SugarCRMDataSource</name>
    <version>0</version>
    <label>SugarCRM Data Source</label>
    <description>SugarCRM Data Source</description>
    <creationDate>2014-08-29T13:18:34.000-07:00</creationDate>
    <updateDate>2014-08-29T13:18:34.000-07:00</updateDate>
    <driver>tibcosoftware.jdbc.oracle.OracleDriver</driver>
    <connectionUrl>jdbc:tibcosoftware:oracle://db-oracle11.jaspersoft.com:1521;sid=ORCL</connectionUrl>
    <connectionUser>sugarcrm</connectionUser>
    <connectionPassword>ENC&lt;5138E073D85983D4BC86A2BEDBE0CA8D&gt;</connectionPassword>
</jdbcDataSource>
