<?xml version="1.0" encoding="UTF-8"?>
<folder exportedWithPermissions="true">
    <parent>/organizations/organization_1/organizations/org_template</parent>
    <name>themes</name>
    <label>Themes</label>
    <description>themes</description>
    <creationDate>2014-08-29T13:15:09.416-07:00</creationDate>
    <updateDate>2014-08-29T13:15:08.561-07:00</updateDate>
    <folder>default</folder>
    <permission>
        <permissionMask>32</permissionMask>
        <recipient recipientType="role">ROLE_USER</recipient>
    </permission>
</folder>
