<?xml version="1.0" encoding="UTF-8"?>
<jdbcDataSource exportedWithPermissions="true">
    <folder>/organizations/organization_1/datasources</folder>
    <name>JServerJdbcDS</name>
    <version>0</version>
    <label>JServer Jdbc Data Source</label>
    <description>JServer Jdbc Data Source</description>
    <creationDate>2014-08-29T13:15:06.430-07:00</creationDate>
    <updateDate>2014-08-29T13:15:06.430-07:00</updateDate>
    <driver>tibcosoftware.jdbc.db2.DB2Driver</driver>
    <connectionUrl>jdbc:tibcosoftware:db2://ci-catalogs.jaspersoft.com:10100;DatabaseName=sugarcrm;AlternateId=sugarcrm</connectionUrl>
    <connectionUser>db2inst1</connectionUser>
    <connectionPassword>ENC&lt;5D69896AD8ABED6C2CED1F6833887373&gt;</connectionPassword>
</jdbcDataSource>
