<?xml version="1.0" encoding="UTF-8"?>
<folder exportedWithPermissions="true">
    <parent>/</parent>
    <name>organizations</name>
    <label>Organizations</label>
    <description>Organizations</description>
    <creationDate>2014-08-29T13:22:19.187-07:00</creationDate>
    <updateDate>2014-08-29T13:22:19.187-07:00</updateDate>
    <folder>org_template</folder>
    <folder>organization_1</folder>
    <permission>
        <permissionMask>1</permissionMask>
        <recipient recipientType="role">ROLE_ADMINISTRATOR</recipient>
    </permission>
    <permission>
        <permissionMask>2</permissionMask>
        <recipient recipientType="role">ROLE_USER</recipient>
    </permission>
</folder>
